{"cameraMode":{"drawMode":0,"name":"Shaded","section":"Shading Mode"},"sceneLighting":false,"audioPlay":false,"sceneViewState":{"m_AlwaysRefresh":false,"showFog":true,"showSkybox":false,"showFlares":true,"showImageEffects":true,"showParticleSystems":true,"showVisualEffectGraphs":true,"m_FxEnabled":true},"in2DMode":false,"pivot":{"x":-173.4054718017578,"y":34.135562896728519,"z":-455.07220458984377},"rotation":{"x":-0.20692169666290284,"y":0.025832675397396089,"z":-0.0054645054042339329,"w":-0.9780064225196838},"size":14.55948257446289,"orthographic":false}