{"cameraMode":{"drawMode":0,"name":"Shaded","section":"Shading Mode"},"sceneLighting":false,"audioPlay":false,"sceneViewState":{"m_AlwaysRefresh":false,"showFog":true,"showSkybox":false,"showFlares":true,"showImageEffects":true,"showParticleSystems":true,"showVisualEffectGraphs":true,"m_FxEnabled":true},"in2DMode":false,"pivot":{"x":0.000003814697265625,"y":0.5652494430541992,"z":-4.76837158203125e-7},"rotation":{"x":0.019498568028211595,"y":-0.004499129485338926,"z":0.00008774412708589807,"w":0.9997997879981995},"size":15.385273933410645,"orthographic":true}