{"cameraMode":{"drawMode":0,"name":"Shaded","section":"Shading Mode"},"sceneLighting":false,"audioPlay":false,"sceneViewState":{"m_AlwaysRefresh":false,"showFog":true,"showSkybox":false,"showFlares":true,"showImageEffects":true,"showParticleSystems":true,"showVisualEffectGraphs":true,"m_FxEnabled":true},"in2DMode":false,"pivot":{"x":-0.027401447296142579,"y":7.529306411743164,"z":0.01907801628112793},"rotation":{"x":0.019498568028211595,"y":-0.004499129485338926,"z":0.00008774412708589807,"w":0.9997997879981995},"size":19.439788818359376,"orthographic":true}